model,brand,sub-category
FREEGIFT,Jewels By Jacob,Jewelry
SGL-RB3025-001/58-62,Ray-Ban,Sunglasses
RB3016-W0366-51,Ray-Ban,Sunglasses
SGL-RB3025-001/58-58,Ray-Ban,Sunglasses
RC522S-01501B,Roberto Cavalli,Sunglasses
RC518S-52F,Roberto Cavalli,Sunglasses
RC519S-01B,Roberto Cavalli,Sunglasses
RC519S-53F,Roberto Cavalli,Sunglasses
RC519S-81Z,Roberto Cavalli,Sunglasses
RC520S-53F,Roberto Cavalli,Sunglasses
RC573S-81B,Roberto Cavalli,Sunglasses
RC574S-81B,Roberto Cavalli,Sunglasses
JC209S-24552J,Just Cavalli,Sunglasses
SGL-RB2132-902L-55,Ray-Ban,Sunglasses
FT0150-20448J,Tom Ford,Sunglasses
MJ351/S KJ1/BN 57L,Marc Jacobs,Sunglasses
MJ352/S 000/8A 58L,Marc Jacobs,Sunglasses
MJ352/S 010/BN 58L,Marc Jacobs,Sunglasses
MJ318/S 43W/5V 58L,Marc Jacobs,Sunglasses
MJ318/S IN2/JJ 58L,Marc Jacobs,Sunglasses
MJ318/S IN8/FM 58L,Marc Jacobs,Sunglasses
MJ346/S 43W/5V 55,Marc Jacobs,Sunglasses
MMJ195/S 010/89 62L,Marc By Marc Jacobs,Sunglasses
RB4125-601/32-59,Ray-Ban,Sunglasses
Rb3016-W0365-51,Ray-Ban,Sunglasses
RB3044-L0207-52,Ray-Ban,Sunglasses
UBB70205,Guess,Jewelry
UBB71204,Guess,Jewelry
UBB71212,Guess,Jewelry
UBB81001,Guess,Jewelry
UBB10701,Guess,Jewelry
UBB11201,Guess,Jewelry
UBB11210,Guess,Jewelry
UBB11211,Guess,Jewelry
UBB11333,Guess,Jewelry
UBB11334,Guess,Jewelry
UBB21204,Guess,Jewelry
UBN11005,Guess,Jewelry
UBN11216,Guess,Jewelry
UBN11226,Guess,Jewelry
UBN11228,Guess,Jewelry
UBN11316,Guess,Jewelry
UBN12010,Guess,Jewelry
UBN12705,Guess,Jewelry
UBN21216,Guess,Jewelry
UBN80804,Guess,Jewelry
UBN81115,Guess,Jewelry
110733,Michael Aram,Houseware
110715,Michael Aram,Houseware
110727,Michael Aram,Houseware
143321,Michael Aram,Houseware
143357,Michael Aram,Houseware
175364,Michael Aram,Houseware
112231,Michael Aram,Houseware
GSBR01,Jewels By Jacob,Jewelry
GSB10,Jewels By Jacob,Jewelry
PS206-1,Jewels By Jacob,Jewelry
PS206-3,Jewels By Jacob,Jewelry
PS206-2,Jewels By Jacob,Jewelry
PS309-WH,Jewels By Jacob,Jewelry
PS301-CHR,Jewels By Jacob,Jewelry
PS203MC,Jewels By Jacob,Jewelry
PS308-CHC,Jewels By Jacob,Jewelry
PS308-CHR,Jewels By Jacob,Jewelry
MKJ1820040,Michael Kors,Jewelry
MKJ1931040,Michael Kors,Jewelry
MKJ2006710,Michael Kors,Jewelry
MKJ2007710,Michael Kors,Jewelry
RB3025-001/58-58,Ray-Ban,Sunglasses
RB4175-878/51-57,Ray-Ban,Sunglasses
RB2027-601/W1-62,Ray-Ban,Sunglasses
RB3025-004/58-62-expired,Ray-Ban,Sunglasses
RB3025-113-58,Ray-Ban,Sunglasses
RB4165-710/13-55,Ray-Ban,Sunglasses
DRZ25,Jewels By Jacob,Jewelry
DRZ27,Jewels By Jacob,Jewelry
TNBRRD04,Jewels By Jacob,Jewelry
TNBRRD01,Jewels By Jacob,Jewelry
FNCDLS04,Jewels By Jacob,Jewelry
FNCIPV04,Jewels By Jacob,Jewelry
FNCIPV02,Jewels By Jacob,Jewelry
OT15,Jewels By Jacob,Jewelry
OT19,Jewels By Jacob,Jewelry
OT16,Jewels By Jacob,Jewelry
MPVBW,Jewels By Jacob,Jewelry
FNCDL01,Jewels By Jacob,Jewelry
FNCDL03,Jewels By Jacob,Jewelry
FNCDL05,Jewels By Jacob,Jewelry
OT12,Jewels By Jacob,Jewelry
OT08,Jewels By Jacob,Jewelry
OT10,Jewels By Jacob,Jewelry
OT11,Jewels By Jacob,Jewelry
OT04,Jewels By Jacob,Jewelry
OT07,Jewels By Jacob,Jewelry
OT02,Jewels By Jacob,Jewelry
OT22,Jewels By Jacob,Jewelry
FNCDLS03,Jewels By Jacob,Jewelry
FNCDLS06,Jewels By Jacob,Jewelry
FNCDLS07,Jewels By Jacob,Jewelry
FNCDLS01,Jewels By Jacob,Jewelry
FNCDLS02,Jewels By Jacob,Jewelry
FNCDLS05,Jewels By Jacob,Jewelry
DRZ38,Jewels By Jacob,Jewelry
FNCDL13,Jewels By Jacob,Jewelry
SLMPV05,Jewels By Jacob,Jewelry
DRZ04,Jewels By Jacob,Jewelry
SLMPV03,Jewels By Jacob,Jewelry
SLMPV04,Jewels By Jacob,Jewelry
SLMPV06,Jewels By Jacob,Jewelry
FNCDL07,Jewels By Jacob,Jewelry
FNCDL08,Jewels By Jacob,Jewelry
DRZ23,Jewels By Jacob,Jewelry
DRZ37,Jewels By Jacob,Jewelry
DRZ33,Jewels By Jacob,Jewelry
DRZ39,Jewels By Jacob,Jewelry
DRZ40,Jewels By Jacob,Jewelry
DRZ34,Jewels By Jacob,Jewelry
DRZ30,Jewels By Jacob,Jewelry
DRZ35,Jewels By Jacob,Jewelry
FNCDL02,Jewels By Jacob,Jewelry
OT25,Jewels By Jacob,Jewelry
DRZ06,Jewels By Jacob,Jewelry
DRZ05,Jewels By Jacob,Jewelry
DRZ03,Jewels By Jacob,Jewelry
UBB21317-L,Guess,Jewelry
UBB21321,Guess,Jewelry
UBB21322,Guess,Jewelry
UBB21328,Guess,Jewelry
UBB80927,Guess,Jewelry
UBN11204,Guess,Jewelry
UBN11207,Guess,Jewelry
UBN71267,Guess,Jewelry
UBB21327,Guess,Jewelry
UBB11212,Guess,Jewelry
UBB21318-L,Guess,Jewelry
UBB21320-L,Guess,Jewelry
110840,Michael Aram,Houseware
OT38,Jewels By Jacob,Jewelry
OT43,Jewels By Jacob,Jewelry
OT44,Jewels By Jacob,Jewelry
OT47,Jewels By Jacob,Jewelry
OT49,Jewels By Jacob,Jewelry
OT35,Jewels By Jacob,Jewelry
OT50,Jewels By Jacob,Jewelry
175659,Michael Aram,Houseware
133256,Michael Aram,Houseware
MKJ2963710,Michael Kors,Jewelry
MKJ2837710-7,Michael Kors,Jewelry
MKJ2838710-7,Michael Kors,Jewelry
MKJ2906710-7,Michael Kors,Jewelry
MKJ2924791-7,Michael Kors,Jewelry
MKJ2837710-8,Michael Kors,Jewelry
MKJ2838710-8,Michael Kors,Jewelry
MKJ2924791-8,Michael Kors,Jewelry
MKJ2837710-9,Michael Kors,Jewelry
5032846,Swarovski,Jewelry
5037392,Swarovski,Jewelry
5071912,Swarovski,Jewelry
5037428,Swarovski,Jewelry
5037436,Swarovski,Jewelry
5032921,Swarovski,Jewelry
5019116,Swarovski,Jewelry
5036787,Swarovski,Jewelry
5036788,Swarovski,Jewelry
5046999,Swarovski,Jewelry
1144358,Swarovski,Jewelry
1169608,Swarovski,Jewelry
5032771,Swarovski,Jewelry
5032850,Swarovski,Jewelry
5032904,Swarovski,Jewelry
5034157,Swarovski,Jewelry
5036772,Swarovski,Jewelry
5048034,Swarovski,Jewelry
1158003,Swarovski,Jewelry
5032841,Swarovski,Jewelry
5058466,Swarovski,Jewelry
5032845,Swarovski,Jewelry
5037453,Swarovski,Jewelry
5037452,Swarovski,Jewelry
5037466,Swarovski,Jewelry
5032918,Swarovski,Jewelry
5032917,Swarovski,Jewelry
5037465,Swarovski,Jewelry
RB3025-112/O6-58,Ray-Ban,Sunglasses
5032847,Swarovski,Jewelry
5037463,Swarovski,Jewelry
5037451,Swarovski,Jewelry
5071173,Swarovski,Jewelry
5076867,Swarovski,Jewelry
5080042,Swarovski,Jewelry
5083133,Swarovski,Jewelry
5089699,Swarovski,Jewelry
5100097,Swarovski,Jewelry
5100098,Swarovski,Jewelry
5069729,Swarovski,Jewelry
5071152,Swarovski,Jewelry
5083132,Swarovski,Jewelry
5089445,Swarovski,Jewelry
5093920,Swarovski,Jewelry
5069726,Swarovski,Jewelry
5070437,Swarovski,Jewelry
5080040,Swarovski,Jewelry
5043495,Swarovski,Jewelry
5079660,Swarovski,Jewelry
5081366,Swarovski,Jewelry
5089836-M,Swarovski,Jewelry
5092090-M,Swarovski,Jewelry
5089847-M,Swarovski,Jewelry
5100095-M,Swarovski,Jewelry
5089834-M,Swarovski,Jewelry
5098917,Swarovski,Jewelry
5086155,Swarovski,Jewelry
5086154,Swarovski,Jewelry
5069741,Swarovski,Jewelry
5086037,Swarovski,Jewelry
5083554,Swarovski,Jewelry
5064408,Swarovski,Pens
5102551,Swarovski,Jewelry
5089853,Swarovski,Jewelry
5100094-M,Swarovski,Jewelry
5064409,Swarovski,Pens
5069744,Swarovski,Jewelry
5083555,Swarovski,Jewelry
5085600,Swarovski,Jewelry
5093578,Swarovski,Jewelry
5080963,Swarovski,Jewelry
5080964,Swarovski,Jewelry
5077499,Swarovski,Jewelry
5064410,Swarovski,Pens
5102552,Swarovski,Jewelry
OO9102-52,Oakley,Sunglasses
5076877,Swarovski,Jewelry
5074352,Swarovski,Jewelry
5102547,Swarovski,Jewelry
5102548,Swarovski,Jewelry
5077502,Swarovski,Jewelry
5071176,Swarovski,Jewelry
5076858,Swarovski,Jewelry
ST-OO9154-05,Oakley,Sunglasses
5074348,Swarovski,Jewelry
5074350,Swarovski,Jewelry
5007830,Swarovski,Jewelry
5098512,Swarovski,Jewelry
5102559,Swarovski,Jewelry
5102550,Swarovski,Jewelry
5102556,Swarovski,Jewelry
Rb3362-004/58-59,Ray-Ban,Sunglasses
RB4105-601/58-50,Ray-Ban,Sunglasses
RB8054-159/8G-59,Ray-Ban,Sunglasses
RB3025JM-001/X4-55,Ray-Ban,Sunglasses
RB3025JM-001/X4-58,Ray-Ban,Sunglasses
RB3025-029/P2-58,Ray-Ban,Sunglasses
5052542,Swarovski,Jewelry
1128404,Swarovski,Jewelry
24-305,Oakley,Sunglasses
5089844,Swarovski,Jewelry
5089839,Swarovski,Jewelry
1182704,Swarovski,Jewelry
5037464,Swarovski,Jewelry
5008664,Swarovski,Jewelry
5008666,Swarovski,Jewelry
5025213,Swarovski,Jewelry
1808935,Swarovski,Jewelry
5113522,Swarovski,Jewelry
992889,Swarovski,Jewelry
1791305,Swarovski,Jewelry
1808960,Swarovski,Jewelry
1181643,Swarovski,Jewelry
1181645,Swarovski,Jewelry
1081941,Swarovski,Jewelry
1081942,Swarovski,Jewelry
5121458,Swarovski,Jewelry
1807339,Swarovski,Jewelry
5102553,Swarovski,Jewelry
5102563,Swarovski,Jewelry
5123873,Swarovski,Jewelry
5112163,Swarovski,Jewelry
5112165,Swarovski,Jewelry
5117703,Swarovski,Jewelry
5117700,Swarovski,Jewelry
5117701,Swarovski,Jewelry
5113785,Swarovski,Jewelry
5113776,Swarovski,Jewelry
5127999,Swarovski,Jewelry
5139604,Swarovski,Jewelry
5118732,Swarovski,Jewelry
5124325,Swarovski,Jewelry
5113788,Swarovski,Jewelry
5139639,Swarovski,Jewelry
5113792,Swarovski,Jewelry
5139644,Swarovski,Jewelry
5112157,Swarovski,Jewelry
5112164,Swarovski,Jewelry
5123874,Swarovski,Jewelry
5124279,Swarovski,Jewelry
5139648,Swarovski,Jewelry
5139649,Swarovski,Jewelry
5139651,Swarovski,Jewelry
5139653,Swarovski,Jewelry
5139654,Swarovski,Jewelry
5139655,Swarovski,Jewelry
5139656,Swarovski,Jewelry
5120523,Swarovski,Jewelry
5120539,Swarovski,Jewelry
5139660,Swarovski,Jewelry
5139666,Swarovski,Jewelry
5140100,Swarovski,Jewelry
5139663,Swarovski,Jewelry
5124332,Swarovski,Jewelry
5139698,Swarovski,Jewelry
5139699,Swarovski,Jewelry
5113468,Swarovski,Jewelry
5120621,Swarovski,Jewelry
5129250,Swarovski,Jewelry
5112175,Swarovski,Jewelry
RB3471-019/6G 130-3N,Ray-Ban,Sunglasses
5120581,Swarovski,Jewelry
5120520,Swarovski,Jewelry
5124127,Swarovski,Jewelry
5124128,Swarovski,Jewelry
5124049,Swarovski,Jewelry
5112158,Swarovski,Jewelry
5115541,Swarovski,Jewelry
5063344,Swarovski,Jewelry
5108727,Swarovski,Jewelry
5108539,Swarovski,Jewelry
5134826,Swarovski,Jewelry
5139554,Swarovski,Jewelry
5139555,Swarovski,Jewelry
5121443,Swarovski,Jewelry
5124040,Swarovski,Jewelry
5118810,Swarovski,Jewelry
5118813,Swarovski,Jewelry
5119331,Swarovski,Jewelry
5117678,Swarovski,Jewelry
5108868,Swarovski,Houseware
5108876,Swarovski,Houseware
5136278,Swarovski,Jewelry
5112132,Swarovski,Jewelry
5123789,Swarovski,Jewelry
5124163,Swarovski,Jewelry
5133974,Swarovski,Jewelry
5139691,Swarovski,Jewelry
5139693,Swarovski,Jewelry
5139695,Swarovski,Jewelry
5139701,Swarovski,Jewelry
5139704,Swarovski,Jewelry
5140096,Swarovski,Jewelry
5140101,Swarovski,Jewelry
5139689,Swarovski,Jewelry
5139696,Swarovski,Jewelry
5139702,Swarovski,Jewelry
5139705,Swarovski,Jewelry
5140097,Swarovski,Jewelry
5120044,Swarovski,Jewelry
5120152,Swarovski,Jewelry
5071303,Swarovski,Jewelry
5035515,Swarovski,Houseware
5113789,Swarovski,Jewelry
5140102,Swarovski,Jewelry
5074346,Swarovski,Jewelry
1179796,Swarovski,Jewelry
5025214,Swarovski,Jewelry
5124164,Swarovski,Jewelry
5111012,Swarovski,Jewelry
5120641,Swarovski,Jewelry
5120644,Swarovski,Jewelry
5125226,Swarovski,Jewelry
5134617,Swarovski,Jewelry
5110668,Swarovski,Jewelry
5111222,Swarovski,Jewelry
5113782,Swarovski,Jewelry
5118942,Swarovski,Jewelry
5118944,Swarovski,Jewelry
5128098,Swarovski,Jewelry
5139670,Swarovski,Jewelry
5139671,Swarovski,Jewelry
5119501,Swarovski,Jewelry
5043691,Swarovski,Houseware
5063332,Swarovski,Houseware
5063333,Swarovski,Houseware
5063336,Swarovski,Houseware
5063676,Swarovski,Houseware
5063691,Swarovski,Houseware
5115334,Swarovski,Houseware
5139682,Swarovski,Jewelry
5120546,Swarovski,Jewelry
5139678,Swarovski,Jewelry
5129418,Swarovski,Jewelry
5139679,Swarovski,Jewelry
5124167,Swarovski,Jewelry
5139744,Swarovski,Jewelry
5139746,Swarovski,Jewelry
5153437,Swarovski,Jewelry
5153271,Swarovski,Jewelry
5184163,Swarovski,Jewelry
5142963,Swarovski,Jewelry
5141350,Swarovski,Jewelry
5141349,Swarovski,Jewelry
5153243,Swarovski,Jewelry
5169277,Swarovski,Jewelry
5184185,Swarovski,Jewelry
5169592,Swarovski,Jewelry
5184173,Swarovski,Jewelry
5184846,Swarovski,Jewelry
5184183,Swarovski,Jewelry
5184180,Swarovski,Jewelry
5152136,Swarovski,Jewelry
5151888,Swarovski,Jewelry
5184174,Swarovski,Jewelry
5185873,Swarovski,Jewelry
5169256,Swarovski,Jewelry
5150369,Swarovski,Jewelry
5143080,Swarovski,Jewelry
5168932,Swarovski,Jewelry
5142721,Swarovski,Jewelry
5142735,Swarovski,Jewelry
5153435,Swarovski,Jewelry
5144289,Swarovski,Jewelry
5143079,Swarovski,Jewelry
5143084,Swarovski,Jewelry
5156789,Swarovski,Jewelry
5151815,Swarovski,Jewelry
5140832,Swarovski,Jewelry
5140120,Swarovski,Jewelry
5158489,Swarovski,Jewelry
5143413,Swarovski,Jewelry
5166020,Swarovski,Jewelry
5180852,Swarovski,Jewelry
5184582,Swarovski,Jewelry
5184585,Swarovski,Jewelry
5184224,Swarovski,Jewelry
5149218,Swarovski,Jewelry
5184549,Swarovski,Jewelry
5166045,Swarovski,Jewelry
5149221,Swarovski,Jewelry
5149222,Swarovski,Jewelry
5153586,Swarovski,Jewelry
5143068,Swarovski,Jewelry
5158581,Swarovski,Jewelry
5160866,Swarovski,Jewelry
5161677,Swarovski,Jewelry
5152879,Swarovski,Jewelry
5139461,Swarovski,Jewelry
5153956,Swarovski,Jewelry
5166030,Swarovski,Jewelry
5166557,Swarovski,Jewelry
5184243,Swarovski,Jewelry
5149596,Swarovski,Jewelry
5184570,Swarovski,Jewelry
5158366,Swarovski,Jewelry
5160888,Swarovski,Jewelry
5184611,Swarovski,Jewelry
5140839,Swarovski,Jewelry
5063125,Swarovski,Houseware
5005063,Swarovski,Houseware
5166706,Swarovski,Jewelry
5184154,Swarovski,Jewelry
5159277,Swarovski,Jewelry
5184171,Swarovski,Jewelry
5158514,Swarovski,Jewelry
5140123,Swarovski,Jewelry
5184575,Swarovski,Jewelry
5184209,Swarovski,Jewelry
5136528,Swarovski,Pens
A09EB243G,Alex and Ani,Jewelry
A11EBW116RG,Alex and Ani,Jewelry
A11EBW116RS,Alex and Ani,Jewelry
A09EB247G,Alex and Ani,Jewelry
BBEB113G,Alex and Ani,Jewelry
BBEB115G,Alex and Ani,Jewelry
BBEB141G,Alex and Ani,Jewelry
A09EB240S,Alex and Ani,Jewelry
A09EB240G,Alex and Ani,Jewelry
BBEB112S,Alex and Ani,Jewelry
BBEB112G,Alex and Ani,Jewelry
A09EB251G,Alex and Ani,Jewelry
A09EB251S,Alex and Ani,Jewelry
A11EBW113RS,Alex and Ani,Jewelry
A11EB121ERS,Alex and Ani,Jewelry
A09EB241G,Alex and Ani,Jewelry
A09EB241S,Alex and Ani,Jewelry
A13EB01GERG,Alex and Ani,Jewelry
A13EB01CARG,Alex and Ani,Jewelry
A13EB14BG,Alex and Ani,Jewelry
A13EB14DS,Alex and Ani,Jewelry
A13EB14FS,Alex and Ani,Jewelry
A13EB14IG,Alex and Ani,Jewelry
A13EB14PG,Alex and Ani,Jewelry
A13EB14YS,Alex and Ani,Jewelry
A13EB14VS,Alex and Ani,Jewelry
A13EB14WG,Alex and Ani,Jewelry
A13EB14XG,Alex and Ani,Jewelry
A13EB14XS,Alex and Ani,Jewelry
A13EB14YG,Alex and Ani,Jewelry
A09EB246G,Alex and Ani,Jewelry
A09EB245G,Alex and Ani,Jewelry
A09EB242G,Alex and Ani,Jewelry
A09EB244G,Alex and Ani,Jewelry
A09EB250S,Alex and Ani,Jewelry
A09EB250G,Alex and Ani,Jewelry
A09EB249G,Alex and Ani,Jewelry
A13EB01PIRG,Alex and Ani,Jewelry
A13EB01PIRS,Alex and Ani,Jewelry
A12EB112RG,Alex and Ani,Jewelry
A13EB14HS,Alex and Ani,Jewelry
A13EB01AQRG,Alex and Ani,Jewelry
A13EB01ARRG,Alex and Ani,Jewelry
A13EB14AG,Alex and Ani,Jewelry
A13EB14CG,Alex and Ani,Jewelry
A13EB14DG,Alex and Ani,Jewelry
A13EB14EG,Alex and Ani,Jewelry
A13EB14FG,Alex and Ani,Jewelry
A13EB14GG,Alex and Ani,Jewelry
A13EB14KG,Alex and Ani,Jewelry
A13EB14LG,Alex and Ani,Jewelry
A13EB14MG,Alex and Ani,Jewelry
A13EB14NG,Alex and Ani,Jewelry
A13EB14RG,Alex and Ani,Jewelry
A13EB14SG,Alex and Ani,Jewelry
A13EB14TG,Alex and Ani,Jewelry
A13EB14VG,Alex and Ani,Jewelry
A13EB01ARRS,Alex and Ani,Jewelry
A13EB01CARS,Alex and Ani,Jewelry
BBEB115S,Alex and Ani,Jewelry
A13EB14AS,Alex and Ani,Jewelry
A13EB14BS,Alex and Ani,Jewelry
A13EB14CS,Alex and Ani,Jewelry
A13EB14ES,Alex and Ani,Jewelry
A13EB14GS,Alex and Ani,Jewelry
A13EB14JS,Alex and Ani,Jewelry
A13EB14KS,Alex and Ani,Jewelry
A13EB14LS,Alex and Ani,Jewelry
A13EB14MS,Alex and Ani,Jewelry
A13EB14RS,Alex and Ani,Jewelry
A13EB14SS,Alex and Ani,Jewelry
A13EB14TS,Alex and Ani,Jewelry
A13EB01SARG,Alex and Ani,Jewelry
A13EB01SARS,Alex and Ani,Jewelry
A09EB248G,Alex and Ani,Jewelry
A13EB01AQRS,Alex and Ani,Jewelry
BBEB111S,Alex and Ani,Jewelry
A11EBW113RG,Alex and Ani,Jewelry
A10EB065RG,Alex and Ani,Jewelry
A13EB01TARS,Alex and Ani,Jewelry
A13EB01TARG,Alex and Ani,Jewelry
A13EB01VIRS,Alex and Ani,Jewelry
A11EB121ERG,Alex and Ani,Jewelry
BBEB16SS,Alex and Ani,Jewelry
BBEB16YG,Alex and Ani,Jewelry
BBEB172G,Alex and Ani,Jewelry
BBEB172S,Alex and Ani,Jewelry
BBEB176G,Alex and Ani,Jewelry
BBEB177G,Alex and Ani,Jewelry
BBEB177S,Alex and Ani,Jewelry
BBEB178G,Alex and Ani,Jewelry
BBEB178S,Alex and Ani,Jewelry
CBD12BFRS,Alex and Ani,Jewelry
A12EB01RS,Alex and Ani,Jewelry
A13EB14JG,Alex and Ani,Jewelry
BBEB179S,Alex and Ani,Jewelry
5152481,Swarovski,Jewelry
5152483,Swarovski,Jewelry
5152485,Swarovski,Jewelry
5166253,Swarovski,Jewelry
5166256,Swarovski,Jewelry
5184152,Swarovski,Jewelry
5184157,Swarovski,Jewelry
5139468,Swarovski,Jewelry
5139471,Swarovski,Jewelry
5139473,Swarovski,Jewelry
5142719,Swarovski,Jewelry
5146731,Swarovski,Jewelry
5146738,Swarovski,Jewelry
5146739,Swarovski,Jewelry
5169393,Swarovski,Jewelry
5169394,Swarovski,Jewelry
5171264,Swarovski,Jewelry
5172560,Swarovski,Jewelry
5136529,Swarovski,Pens
5136530,Swarovski,Pens
5135841,Swarovski,Houseware
5153394,Swarovski,Jewelry
5184216,Swarovski,Jewelry
5139681,Swarovski,Jewelry
5021032,Swarovski,Jewelry
5021033,Swarovski,Jewelry
5181989,Swarovski,Jewelry
5169395,Swarovski,Jewelry
5169396,Swarovski,Jewelry
5169400,Swarovski,Jewelry
5184159,Swarovski,Jewelry
MKJ4564931,Michael Kors,Jewelry
MKJ4565931,Michael Kors,No
MKJ4566796,Michael Kors,No
MKJ4396710,Michael Kors,Jewelry
MKJ4397040,Michael Kors,Jewelry
MKJ4400710,Michael Kors,Jewelry
MKJ4401040,Michael Kors,Jewelry
MKJ1093040,Michael Kors,Jewelry
MKJ3654710,Michael Kors,Jewelry
MKJ4592710,Michael Kors,Jewelry
MKJ4446710,Michael Kors,Jewelry
MKJ4447040,Michael Kors,Jewelry
MKJ4448791,Michael Kors,Jewelry
MKJ4593040,Michael Kors,Jewelry
MKJ4414791,Michael Kors,Jewelry
MKJ4505710,Michael Kors,Jewelry
5184156,Swarovski,Jewelry
RB4210-646-3R-50,Ray-Ban,Sunglasses
RB4210-646/6Q-50,Ray-Ban,Sunglasses
1179237,Swarovski,Jewelry
5120235,Swarovski,Jewelry
5102566,Swarovski,Jewelry
5120022,Swarovski,Jewelry
5120149,Swarovski,Jewelry
5140103,Swarovski,Jewelry
5150128,Swarovski,Jewelry
5110649,Swarovski,Jewelry
5135772,Swarovski,Houseware
5135821,Swarovski,Houseware
1081977,Swarovski,Jewelry
5037526,Swarovski,Jewelry
5149502,Swarovski,Jewelry
5030392,Swarovski,Jewelry
5142739,Swarovski,Jewelry
5166185,Swarovski,Jewelry
5184280,Swarovski,Jewelry
5184505,Swarovski,Jewelry
5184989,Swarovski,Jewelry
5184193,Swarovski,Jewelry
5184175,Swarovski,Jewelry
5102549,Swarovski,Jewelry
CBD12BGRG,Alex and Ani,Jewelry
CBD12BGRS,Alex and Ani,Jewelry
AS12BRS02RG,Alex and Ani,Jewelry
AS12BRS02RS,Alex and Ani,Jewelry
AS12BRS03RG,Alex and Ani,Jewelry
AS12BRS03RS,Alex and Ani,Jewelry
AS12BRS04RG,Alex and Ani,Jewelry
AS12BRS04RS,Alex and Ani,Jewelry
AS12LAD01RG,Alex and Ani,Jewelry
AS12LAD01RS,Alex and Ani,Jewelry
AS12NYM01RS,Alex and Ani,Jewelry
AS12NYY01RG,Alex and Ani,Jewelry
AS12NYY01RS,Alex and Ani,Jewelry
AS12NYY02RG,Alex and Ani,Jewelry
AS12NYY02RS,Alex and Ani,Jewelry
AS12NYY03RG,Alex and Ani,Jewelry
AS12NYY03RS,Alex and Ani,Jewelry
AS12NYY04RG,Alex and Ani,Jewelry
AS12NYY04RS,Alex and Ani,Jewelry
5142063,Swarovski,Jewelry
5160573,Swarovski,Jewelry
5160571,Swarovski,Jewelry
5150131,Swarovski,Jewelry
5141535,Swarovski,Jewelry
5146745,Swarovski,Jewelry
5150132,Swarovski,Jewelry
5152875,Swarovski,Jewelry
5184553,Swarovski,Jewelry
5184247,Swarovski,Jewelry
5136374,Swarovski,Houseware
5135808,Swarovski,Houseware
5184476,Swarovski,Jewelry
5184480,Swarovski,Jewelry
5185000,Swarovski,Jewelry
5185001,Swarovski,Jewelry
12890,Montblanc,Pens
11402,Montblanc,Pens
10456,Montblanc,Pens
2866,Montblanc,Pens
2865,Montblanc,Pens
7569,Montblanc,Pens
7571,Montblanc,Pens
104227,Montblanc,Pens
104226,Montblanc,Pens
105656,Montblanc,Pens
8486,Montblanc,Pens
105181,Montblanc,Pens
OO9013-09-55,Oakley,Sunglasses
OO9013-10-55,Oakley,Sunglasses
OO9246-01-57,Oakley,Sunglasses
OO9102-59-55,Oakley,Sunglasses
24-413-55,Oakley,Sunglasses
24-414-55,Oakley,Sunglasses
5201121,Swarovski,Jewelry
5201118,Swarovski,Jewelry
5201119,Swarovski,Jewelry
5221606,Swarovski,Jewelry
5221608,Swarovski,Jewelry
5221610,Swarovski,Jewelry
5188402,Swarovski,Jewelry
5188403,Swarovski,Jewelry
5142737,Swarovski,Jewelry
5182088,Swarovski,Jewelry
5198940,Swarovski,Jewelry
5198938,Swarovski,Jewelry
5221387,Swarovski,Jewelry
5221429,Swarovski,Jewelry
5221546,Swarovski,Jewelry
5221552,Swarovski,Jewelry
5188277,Swarovski,Jewelry
5180210,Swarovski,Houseware
5195170,Swarovski,Jewelry
5194838,Swarovski,Jewelry
5156812,Swarovski,Jewelry
5202639,Swarovski,Jewelry
5194200,Swarovski,Jewelry
5189662,Swarovski,Jewelry
5194198,Swarovski,Jewelry
5201117,Swarovski,Jewelry
5201123,Swarovski,Jewelry
5201120,Swarovski,Jewelry
5201122,Swarovski,Jewelry
5189495,Swarovski,Jewelry
5189657,Swarovski,Jewelry
5189670,Swarovski,Jewelry
5189667,Swarovski,Jewelry
5202329,Swarovski,Jewelry
5202327,Swarovski,Jewelry
5221609,Swarovski,Jewelry
5189759,Swarovski,Jewelry
5221604,Swarovski,Jewelry
5199830,Swarovski,Jewelry
5202458,Swarovski,Jewelry
5202826,Swarovski,Jewelry
5193123,Swarovski,Jewelry
5202247,Swarovski,Jewelry
5202249,Swarovski,Jewelry
5182117,Swarovski,Jewelry
5190063,Swarovski,Jewelry
5181459,Swarovski,Jewelry
5197459,Swarovski,Jewelry
5197458,Swarovski,Jewelry
5198936,Swarovski,Jewelry
5201105,Swarovski,Jewelry
5201100,Swarovski,Jewelry
5201102,Swarovski,Jewelry
5201104,Swarovski,Jewelry
5201096,Swarovski,Jewelry
5190213,Swarovski,Jewelry
5192264,Swarovski,Jewelry
5197788,Swarovski,Jewelry
5197789,Swarovski,Jewelry
5192260,Swarovski,Jewelry
5197787,Swarovski,Jewelry
5181485,Swarovski,Jewelry
5205701,Swarovski,Jewelry
5199811,Swarovski,Jewelry
5182666,Swarovski,Jewelry
5182322,Swarovski,Jewelry
5199812,Swarovski,Jewelry
5199814,Swarovski,Jewelry
5190216,Swarovski,Jewelry
5198939,Swarovski,Jewelry
5192268,Swarovski,Jewelry
5192259,Swarovski,Jewelry
5199050,Swarovski,Jewelry
5198688,Swarovski,Jewelry
5182086,Swarovski,Jewelry
5213245,Swarovski,Jewelry
5182028,Swarovski,Jewelry
5190280,Swarovski,Jewelry
5182593,Swarovski,Jewelry
5195926,Swarovski,Jewelry
5195921,Swarovski,Jewelry
5190023,Swarovski,Jewelry
5181490,Swarovski,Jewelry
5199810,Swarovski,Jewelry
5192265,Swarovski,Jewelry
5190060,Swarovski,Jewelry
5181453,Swarovski,Jewelry
5197465,Swarovski,Jewelry
5181007,Swarovski,Jewelry
5181005,Swarovski,Jewelry
5218461,Swarovski,Jewelry
5198937,Swarovski,Jewelry
5198888,Swarovski,Jewelry
5156820,Swarovski,Jewelry
5192266,Swarovski,Jewelry
5142736,Swarovski,Jewelry
5221388,Swarovski,Jewelry
5221408,Swarovski,Jewelry
5181006,Swarovski,Jewelry
5221409,Swarovski,Jewelry
5182091,Swarovski,Jewelry
5221430,Swarovski,Jewelry
5221565,Swarovski,Jewelry
5194458,Swarovski,Jewelry
5221573,Swarovski,Jewelry
5191923,Swarovski,Jewelry
5221437,Swarovski,Jewelry
5202250,Swarovski,Jewelry
5221438,Swarovski,Jewelry
5136548,Swarovski,Pens
5213603,Swarovski,Pens
5135991,Swarovski,Pens
5136546,Swarovski,Pens
5197484,Swarovski,Jewelry
5213917,Swarovski,Jewelry
5191918,Swarovski,Jewelry
5190285,Swarovski,Jewelry
5207246,Swarovski,Jewelry
5221130,Swarovski,Jewelry
5189488,Swarovski,Jewelry
5197481,Swarovski,Jewelry
5193620,Swarovski,Jewelry
5219762,Swarovski,Jewelry
5205010,Swarovski,Jewelry
5205006,Swarovski,Jewelry
5181489,Swarovski,Jewelry
5193623,Swarovski,Jewelry
5197483,Swarovski,Jewelry
5210287,Swarovski,Jewelry
5198686,Swarovski,Jewelry
5202446,Swarovski,Jewelry
5197370,Swarovski,Jewelry
5190281,Swarovski,Jewelry
5197179,Swarovski,Jewelry
5213362,Swarovski,Jewelry
5189757,Swarovski,Jewelry
5182006,Swarovski,Jewelry
5189484,Swarovski,Jewelry
5189483,Swarovski,Jewelry
5205005,Swarovski,Jewelry
5205009,Swarovski,Jewelry
5221378,Swarovski,Jewelry
5181463,Swarovski,Jewelry
5221379,Swarovski,Jewelry
5221413,Swarovski,Jewelry
5221420,Swarovski,Jewelry
5197482,Swarovski,Jewelry
5221416,Swarovski,Jewelry
5221422,Swarovski,Jewelry
5221418,Swarovski,Jewelry
5199633,Swarovski,Jewelry
5221421,Swarovski,Jewelry
5221484,Swarovski,Jewelry
5182029,Swarovski,Jewelry
5221486,Swarovski,Jewelry
5221485,Swarovski,Jewelry
5190283,Swarovski,Jewelry
5221481,Swarovski,Jewelry
5221539,Swarovski,Jewelry
5189485,Swarovski,Jewelry
5221540,Swarovski,Jewelry
5221600,Swarovski,Jewelry
5205012,Swarovski,Jewelry
5221602,Swarovski,Jewelry
5221601,Swarovski,Jewelry
5202267,Swarovski,Jewelry
5221599,Swarovski,Jewelry
5221398,Swarovski,Jewelry
5221405,Swarovski,Jewelry
5202268,Swarovski,Jewelry
5206519,Swarovski,Jewelry
5221399,Swarovski,Jewelry
5221400,Swarovski,Jewelry
5203018,Swarovski,Jewelry
5189655,Swarovski,Jewelry
5221612,Swarovski,Jewelry
5183170,Swarovski,Jewelry
5188276,Swarovski,Jewelry
5113771-D,Swarovski,Jewelry
30S2GHMS3L-230,Michael Kors,Handbags
30S11TTT4B-200,Michael Kors,Handbags
5182116,Swarovski,Jewelry
5195428,Swarovski,Jewelry
5200546,Swarovski,Jewelry
5202243,Swarovski,Jewelry
5202317,Swarovski,Jewelry
5195436,Swarovski,Jewelry
5198690,Swarovski,Jewelry
5204456,Swarovski,Jewelry
5197633,Swarovski,Jewelry
5188401,Swarovski,Jewelry
5196474,Swarovski,Jewelry
5199804,Swarovski,Jewelry
5199805,Swarovski,Jewelry
5199806,Swarovski,Jewelry
5199808,Swarovski,Jewelry
5199818,Swarovski,Jewelry
5200540,Swarovski,Jewelry
5182096,Swarovski,Jewelry
5194597,Swarovski,Jewelry
5204452,Swarovski,Jewelry
5221528,Swarovski,Jewelry
5221529,Swarovski,Jewelry
5221542,Swarovski,Jewelry
5221558,Swarovski,Jewelry
5221561,Swarovski,Jewelry
5213599,Swarovski,Pens
5213600,Swarovski,Pens
5213604,Swarovski,Pens
30H4GFTL3B-150,Michael Kors,Handbags
ST20BUA,Soul Electronics,Electronics
ST20BRA,Soul Electronics,Electronics
TRAKDOT,Trakdot,Electronics
CL55556,Incase,Tech Accessories
CL55557,Incase,Tech Accessories
CL55571,Incase,Tech Accessories
CL58068,Incase,Tech Accessories
64022,SteelSeries,Electronics
IROLLER,SKT Productions,Tech Accessories
ITG,SKT Productions,Tech Accessories
3DOOD-V2-US,3 Doodler,Electronics
5202465,Swarovski,Jewelry
5202466,Swarovski,Jewelry
5189761,Swarovski,Jewelry
5221611,Swarovski,Jewelry
5189760,Swarovski,Jewelry
5221603,Swarovski,Jewelry
5089840,Swarovski,Jewelry
5102567,Swarovski,Jewelry
5196948,Swarovski,Jewelry
5202171,Swarovski,Jewelry
5202165,Swarovski,Jewelry
5190040,Swarovski,Jewelry
5196953,Swarovski,Jewelry
5221375,Swarovski,Jewelry
5221377,Swarovski,Jewelry
5221401,Swarovski,Jewelry
5221403,Swarovski,Jewelry
5221415,Swarovski,Jewelry
5221419,Swarovski,Jewelry
5221527,Swarovski,Jewelry
CL55536,Incase,Tech Accessories
CL55535,Incase,Tech Accessories
CL55532,Incase,Tech Accessories
CL55533,Incase,Tech Accessories
CL55537,Incase,Tech Accessories
30h3GFTE3L-001,Michael Kors,Handbags
30h4GBFT6L-001,Michael Kors,Handbags
30t5GTVT2L-001,Michael Kors,Handbags
30t5GTVT2L-230,Michael Kors,Handbags
32T4GTVE3L-001,Michael Kors,Handbags
30F2STTT4B-001,Michael Kors,Handbags
30T2GTVM3B-200,Michael Kors,Handbags
30T4GTTT6B-150,Michael Kors,Handbags
32F1GJSW3B-200,Michael Kors,Handbags
AS500SN,Aftershokz,Electronics
AS500SR,Aftershokz,Electronics
FK302,MATIAS,Electronics
FK302Q,MATIAS,Electronics
HD-681,SUPERLUX,Electronics
PR-D7_WHITE,SANGEAN,Electronics
WR-2_WALNUT,SANGEAN,Electronics
WR-2_WHITE,SANGEAN,Electronics
DT-400W,SANGEAN,Electronics
H202,SANGEAN,Electronics
RCR-10_BLACK,SANGEAN,Electronics
HD-681 EVO BLACK,SUPERLUX,Electronics
30T5GTVT2L-406,Michael Kors,Handbags
oo9102-51,Oakley,Sunglasses
5221545,Swarovski,Jewelry
5221563,Swarovski,Jewelry
5221577,Swarovski,Jewelry
5190214,Swarovski,Jewelry
5190215,Swarovski,Jewelry
5210668,Swarovski,Jewelry
5221436,Swarovski,Jewelry
5221549,Swarovski,Jewelry
5221553,Swarovski,Jewelry
5221571,Swarovski,Jewelry
5221579,Swarovski,Jewelry
5202244,Swarovski,Jewelry
5202251,Swarovski,Jewelry
5194770,Swarovski,Jewelry
5200730,Swarovski,Jewelry
5199716,Swarovski,Jewelry
5197790,Swarovski,Jewelry
5199813,Swarovski,Jewelry
5182601,Swarovski,Jewelry
5182615,Swarovski,Jewelry
5182617,Swarovski,Jewelry
5190000,Swarovski,Jewelry
5190042,Swarovski,Jewelry
5192271,Swarovski,Jewelry
5192315,Swarovski,Jewelry
5192370,Swarovski,Jewelry
5192371,Swarovski,Jewelry
5194489,Swarovski,Jewelry
5196475,Swarovski,Jewelry
5195166,Swarovski,Jewelry
5194500,Swarovski,Jewelry
5195924,Swarovski,Jewelry
5181465,Swarovski,Jewelry
5181467,Swarovski,Jewelry
5182592,Swarovski,Jewelry
5190024,Swarovski,Jewelry
5190269,Swarovski,Jewelry
5202292,Swarovski,Jewelry
5195426,Swarovski,Jewelry
30S6GAPT2L-001,Michael Kors,Handbags
30S5GCYS1L-406,Michael Kors,Handbags
30H4GFTL3B-200,Michael Kors,Handbags
BE4117-301213-58,Burberry,Sunglasses
DG6081-26168G-60,Dolce & Gabbana,Sunglasses
Rb3016-114519-51,Ray-Ban,Sunglasses
ICFC1BLACK,Sony,Electronics
HD-681 EVO WHITE,SUPERLUX,Electronics
5182046,Swarovski,Jewelry
5225811,Swarovski,Jewelry
5182107,Swarovski,Jewelry
5191872,Swarovski,Jewelry
5225828,Swarovski,Jewelry
5221596,Swarovski,Jewelry
5225826,Swarovski,Jewelry
5225820,Swarovski,Jewelry
5225824,Swarovski,Jewelry
5225818,Swarovski,Jewelry
5225819,Swarovski,Jewelry
5195690,Swarovski,Mens Accessories
5182049,Swarovski,Mens Accessories
5182038,Swarovski,Mens Accessories
5202253,Swarovski,Jewelry
5182041,Swarovski,Mens Accessories
5182032,Swarovski,Mens Accessories
S305,Motorola,Electronics
CREOPOP_3D,CreoPop,Electronics
A15EB43RG,Alex and Ani,Jewelry
CL55573,Incase,Tech Accessories
CL55588,Incase,Tech Accessories
CL58067,Incase,Tech Accessories
CL60591,Incase,Tech Accessories
HFI-450,ULTRASONE,Electronics
SBC575SS,SONIC ALERT,Electronics
SBS550BC,SONIC ALERT,Electronics
SB1000,SONIC ALERT,Electronics
SBA475SS,SONIC ALERT,Electronics
5182502,Swarovski,Jewelry
5197106,Swarovski,Jewelry
5189918,Swarovski,Jewelry
883551,Swarovski,Jewelry
901640,Swarovski,Jewelry
1106512,Swarovski,Jewelry
1120290,Swarovski,Jewelry
1172369,Swarovski,Jewelry
1172374,Swarovski,Jewelry
5007750,Swarovski,Jewelry
5036774,Swarovski,Jewelry
5036776,Swarovski,Jewelry
5189916,Swarovski,Jewelry
678189,Swarovski,Jewelry
681251,Swarovski,Jewelry
956722,Swarovski,Jewelry
1039065,Swarovski,Jewelry
1071200,Swarovski,Jewelry
1081938,Swarovski,Jewelry
1800045,Swarovski,Jewelry
5182020,Swarovski,Jewelry
5194452,Swarovski,Jewelry
5194220,Swarovski,Jewelry
5194221,Swarovski,Jewelry
5200029,Swarovski,Jewelry
5200030,Swarovski,Jewelry
5200945,Swarovski,Jewelry
5202318,Swarovski,Jewelry
5221501,Swarovski,Jewelry
5221507,Swarovski,Jewelry
5196949,Swarovski,Jewelry
5221498,Swarovski,Jewelry
5221505,Swarovski,Jewelry
5221499,Swarovski,Jewelry
5221506,Swarovski,Jewelry
5136918,Swarovski,Houseware
5199730,Swarovski,Jewelry
5221446,Swarovski,Jewelry
122900,Michael Aram,Houseware
122901,Michael Aram,Houseware
122922,Michael Aram,Houseware
122929,Michael Aram,Houseware
160729,Michael Aram,Houseware
160730,Michael Aram,Houseware
V16W02RS,Alex and Ani,Jewelry
A13EB14OG,Alex and Ani,Jewelry
PWRU4051-679,Kate Spade,Handbags
PXRU4471-679,Kate Spade,Handbags
PXRU4982-891,Kate Spade,Handbags
PXRU5491-125,Kate Spade,Handbags
PXRU5491-428,Kate Spade,Handbags
PXRU5491-663,Kate Spade,Handbags
PXRU6223-428,Kate Spade,Handbags
30F2GTTT8L-719,Michael Kors,Handbags
38004,Microplane,Houseware
40020,Microplane,Houseware
46020,Microplane,Houseware
46120,Microplane,Houseware
46220,Microplane,Houseware
46620,Microplane,Houseware
46720,Microplane,Houseware
46820,Microplane,Houseware
32S4GTVC3L-719,Michael Kors,Handbags
CL60265,Incase,Tech Accessories
CB-01-WH,Bluelounge,Tech Accessories
HL10,PLANTRONICS,Electronics
CS520,PLANTRONICS,Electronics
VCC-006-K2,VEHO,Electronics
CL60589,Incase,Tech Accessories
CL60605,Incase,Tech Accessories
CL60606,Incase,Tech Accessories
MINBLU01,Boombotix,Electronics
MINGRY01,Boombotix,Electronics
REX-BLK-02,Boombotix,Electronics
REX-GRY-02,Boombotix,Electronics
REX-MNT-02,Boombotix,Electronics
REX-WDN-02,Boombotix,Electronics
30S5GCYS1L-085,Michael Kors,Handbags
5136904,Swarovski,Houseware
5186439,Swarovski,Jewelry
5195164,Swarovski,Jewelry
5204170,Swarovski,Jewelry
5225816,Swarovski,Jewelry
30S2GHMS3L-001,Michael Kors,Handbags
32T5GTTE9B-150,Michael Kors,Handbags
5221435,Swarovski,Jewelry
5221543,Swarovski,Jewelry
PXRU4982-499,Kate Spade,Handbags
5221557,Swarovski,Jewelry
5194455,Swarovski,Jewelry
NIM01-WW,NETATMO,Electronics
NWS01-US,NETATMO,Electronics
BCU208,JOY FACTORY,Tech Accessories
PWRU3898-679,Kate Spade,Handbags
PWRU3898-777,Kate Spade,Handbags
PXRU2233-001,Kate Spade,Handbags
PXRU2233-428,Kate Spade,Handbags
PXRU2233-890,Kate Spade,Handbags
PXRU4471-477,Kate Spade,Handbags
PXRU4471-777,Kate Spade,Handbags
PXRU4545-663,Kate Spade,Handbags
PxRU5490001,Kate Spade,Handbags
PXRU6223-483,Kate Spade,Handbags
PXRU6223-684,Kate Spade,Handbags
30S5GKPT1C-406,Michael Kors,Handbags
30s5SKPT1C-303,Michael Kors,Handbags
30T3GLMM2L-230,Michael Kors,Handbags
32S4GJSC7B-150,Michael Kors,Handbags
32S4GJSC7B-200,Michael Kors,Handbags
38S6GDDS5L-406,Michael Kors,Handbags
PXRU4545-477,Kate Spade,Handbags
a14EB73RG,Alex and Ani,Jewelry
A16EB10RG,Alex and Ani,Jewelry
A16EB10ROG,Alex and Ani,Jewelry
A16EB14RG,Alex and Ani,Jewelry
A16RW07S,Alex and Ani,Jewelry
A16RW08S,Alex and Ani,Jewelry
A16RW09S,Alex and Ani,Jewelry
A16RW10S,Alex and Ani,Jewelry
A16RW11S,Alex and Ani,Jewelry
A16RW12S,Alex and Ani,Jewelry
A16RW15S,Alex and Ani,Jewelry
A16RW16S,Alex and Ani,Jewelry
A16RW17S,Alex and Ani,Jewelry
AT2020USBi,AUDIO TECHNICA,Electronics
CL58083,Incase,Tech Accessories
CL58084,Incase,Tech Accessories
RZ04-01400200-R3U1,RAZER KRAKEN,Electronics
RZ04-01400300-R3U1,RAZER KRAKEN,Electronics
30S6GLMS2U-665,Michael Kors,Handbags
30S6GM5T3M-594,Michael Kors,Handbags
32F1GJSE4B-150,Michael Kors,Handbags
32F1GJSE4B-200,Michael Kors,Handbags
32S4GFTE3B-150,Michael Kors,Handbags
32S5GTVE9L-001,Michael Kors,Handbags
ANCHORAGE_DARK10.5,KEEN,Shoes
ANCHORAGE_DARK9.5,KEEN,Shoes
AUSTIN_BLACK10,KEEN,Shoes
AUSTIN_BLACK11.5,KEEN,Shoes
AUSTIN_BLACK9.5,KEEN,Shoes
AUSTIN_CHOCOLATE9.5,KEEN,Shoes
AUSTIN_CHOCOLATE11.5,KEEN,Shoes
NEWPORT_WHITE9,KEEN,Shoes
ROSE_BLACK6,KEEN,Shoes
ROSE_BLACK6.5,KEEN,Shoes
ROSE_BLACK7,KEEN,Shoes
ROSE_DARK10,KEEN,Shoes
ROSE_DARK6,KEEN,Shoes
ROSE_DARK6.5,KEEN,Shoes
ROSE_DARK7,KEEN,Shoes
TARGHEE_BLACKOLIVE7,KEEN,Shoes
TARGHEE_BLACKOLIVE8,KEEN,Shoes
TARGHEE_BLACKOLIVE8.5,KEEN,Shoes
TARGHEE_BLACKOLIVE9,KEEN,Shoes
TARGHEE_DARK10,KEEN,Shoes
TARGHEE_DARK7,KEEN,Shoes
TARGHEE_DARK7.5,KEEN,Shoes
TARGHEE_DARK8,KEEN,Shoes
TARGHEE_DARK8.5,KEEN,Shoes
TARGHEE_DARK9,KEEN,Shoes
TARGHEE_DARK9.5,KEEN,Shoes
TARGHEE_MAGNET10,KEEN,Shoes
TARGHEE_MAGNET7,KEEN,Shoes
TARGHEE_MAGNET7.5,KEEN,Shoes
TARGHEE_SHITAKE11,KEEN,Shoes
VOYAGEUR_BLACK9,KEEN,Shoes
VOYAGEUR_BRINDLE7,KEEN,Shoes
VOYAGEUR_BRINDLE7.5,KEEN,Shoes
VOYAGEUR_BRINDLE9.5,KEEN,Shoes
VOYAGEUR_NEUTRAL10,KEEN,Shoes
VOYAGEUR_NEUTRAL7,KEEN,Shoes
VOYAGEUR_NEUTRAL7.5,KEEN,Shoes
VOYAGEUR_NEUTRAL8,KEEN,Shoes
VOYAGEUR_NEUTRAL9.5,KEEN,Shoes
VOYAGEUR_RAVEN9.5,KEEN,Shoes
ROSE_DARK7.5,KEEN,Shoes
CHARGE2+BLACK,JBL,Electronics
CHARGE2+YELLOW,JBL,Electronics
CHARGE2+GREY,JBL,Electronics
AS500SGZ,Aftershokz,Electronics
AS450,Aftershokz,Electronics
SE7561,BRAUN,Electronics
UP4-SILVER,JAWBONE,Electronics
32T4GTVC3L-230,Michael Kors,Handbags
30S6GS7S2L-085,Michael Kors,Handbags
SW-23000,SEWELL,Electronics
VIA-1435TM,TOMTOM,Electronics
30S6GTTT3B-150,Michael Kors,Handbags
30S5GKPT1C-801,Michael Kors,Handbags
30S6SLMS9E-303,Michael Kors,Handbags
30S6SM5T3M-302,Michael Kors,Handbags
A16EBLMSS,Alex and Ani,Jewelry
A16EBLMYG,Alex and Ani,Jewelry
A16EBOBRG,Alex and Ani,Jewelry
A16EBOBRS,Alex and Ani,Jewelry
A16EBPXRG,Alex and Ani,Jewelry
A16EBPXRS,Alex and Ani,Jewelry
A16EBSCRG,Alex and Ani,Jewelry
A16EBSCRS,Alex and Ani,Jewelry
A16ENOBRG,Alex and Ani,Jewelry
A16ENOBRS,Alex and Ani,Jewelry
A16ENSCRS,Alex and Ani,Jewelry
A16KC01RS,Alex and Ani,Jewelry
A16RW03S,Alex and Ani,Jewelry
AS16KD03SS,Alex and Ani,Jewelry
AS16KD03YG,Alex and Ani,Jewelry
CBD16CAYG,Alex and Ani,Jewelry
CBD16LBSS,Alex and Ani,Jewelry
5215894,Swarovski,Jewelry
5233964,Swarovski,Jewelry
5225445,Swarovski,Jewelry
5216925,Swarovski,Jewelry
5216936,Swarovski,Jewelry
5216980,Swarovski,Jewelry
5250023,Swarovski,Jewelry
5250065,Swarovski,Jewelry
5250067,Swarovski,Jewelry
5250068,Swarovski,Jewelry
5250071,Swarovski,Jewelry
5250072,Swarovski,Jewelry
5250073,Swarovski,Jewelry
5240623,Swarovski,Jewelry
5241516,Swarovski,Jewelry
5217154,Swarovski,Jewelry
5225968,Swarovski,Jewelry
5225972,Swarovski,Jewelry
5225974,Swarovski,Jewelry
5224178,Swarovski,Jewelry
5224179,Swarovski,Jewelry
5245530,Swarovski,Jewelry
5238200,Swarovski,Jewelry
5240785,Swarovski,Jewelry
5230544,Swarovski,Jewelry
5241277,Swarovski,Jewelry
5241278,Swarovski,Jewelry
5249349,Swarovski,Jewelry
5193949,Swarovski,Jewelry
5215037,Swarovski,Jewelry
5243744,Swarovski,Jewelry
5224174,Swarovski,Jewelry
5253052,Swarovski,Jewelry
5238199,Swarovski,Jewelry
5240784,Swarovski,Jewelry
5221252,Swarovski,Jewelry
5230553,Swarovski,Jewelry
5241271,Swarovski,Jewelry
5241273,Swarovski,Jewelry
5241276,Swarovski,Jewelry
5249351,Swarovski,Jewelry
5215038,Swarovski,Jewelry
5243746,Swarovski,Jewelry
5226173,Swarovski,Jewelry
5217723,Swarovski,Jewelry
5257535,Swarovski,Jewelry
5241270,Swarovski,Jewelry
5257449,Swarovski,Jewelry
Typhoon-H,Yuneec,Electronics
UU-WC-01BLK,TETHYS,Tech Accessories
F8J107ttWHT,Belkin,Electronics
F7D7606,Belkin,Electronics
SE5185,BRAUN,Electronics
BRVXGWB,BRAVEN,Electronics
iBN24GC,iHome,Electronics
IM60PNX,iHome,Electronics
HANC250,JVC,Electronics
MM651UM,Polk Audio,Electronics
DB351,Polk Audio,Electronics
CHARGE3-BLUE,JBL,Electronics
CHARGE3-TEAL,JBL,Electronics
CLIP2-RED,JBL,Electronics
FLIP3-BLUE,JBL,Electronics
FLIP3-RED,JBL,Electronics
FLIP3-TEAL,JBL,Electronics
G0BLACK,JBL,Electronics
CHARGE3-BLACK,JBL,Electronics
AT-2035,AUDIO TECHNICA,Electronics
30T3GSMM2L-001,Michael Kors,Handbags
MAGWSM2,Scosche,Tech Accessories
PX3,Turtle Beach,Electronics
VCC-007-K2PRO,VEHO,Electronics
VEP-008-Z8,VEHO,Electronics
RB3025-002/4O,Ray-Ban,Sunglasses
RB3025-003/3F,Ray-Ban,Sunglasses
RB3025-003/40,Ray-Ban,Sunglasses
RB3025-001/33,Ray-Ban,Sunglasses
RB8313-002/K7,Ray-Ban,Sunglasses
RB3025-014/51,Ray-Ban,Sunglasses
RB3025-004/58,Ray-Ban,Sunglasses
RB3025-W3277,Ray-Ban,Sunglasses
RB3386-003/8G,Ray-Ban,Sunglasses
RB3025-112/19,Ray-Ban,Sunglasses
RB3449-003/8G,Ray-Ban,Sunglasses
RB8316-029/N8,Ray-Ban,Sunglasses
RB3016-1158R5,Ray-Ban,Sunglasses
RB3507-136/N5,Ray-Ban,Sunglasses
RB2176-990,Ray-Ban,Sunglasses
RB3362-001/51,Ray-Ban,Sunglasses
RB3362-004,Ray-Ban,Sunglasses
RB3362-001,Ray-Ban,Sunglasses
RB3379-004/58,Ray-Ban,Sunglasses
RB4105-710/51,Ray-Ban,Sunglasses
RB4105-710/57,Ray-Ban,Sunglasses
RB4105-710,Ray-Ban,Sunglasses
RB4105-602017,Ray-Ban,Sunglasses
RB4105-601/58-54,Ray-Ban,Sunglasses
RB4105-601S-54,Ray-Ban,Sunglasses
RB2132-619171,Ray-Ban,Sunglasses
RB2132-619285,Ray-Ban,Sunglasses
RB2132-6052,Ray-Ban,Sunglasses
RB2132-605371,Ray-Ban,Sunglasses
RB3498-029/T5-64,Ray-Ban,Sunglasses
RB3498-006/81-64,Ray-Ban,Sunglasses
RB4181-601/9A,Ray-Ban,Sunglasses
RB2180-710/73-49,Ray-Ban,Sunglasses
RB2180-616613,Ray-Ban,Sunglasses
RB2180-710/73-51,Ray-Ban,Sunglasses
RB3447-002/4J,Ray-Ban,Sunglasses
RB3447-002/4O,Ray-Ban,Sunglasses
RB3138-001,Ray-Ban,Sunglasses
RB3016-1160,Ray-Ban,Sunglasses
RB3016M-118158,Ray-Ban,Sunglasses
RB4147-609585,Ray-Ban,Sunglasses
RB4147-601/32,Ray-Ban,Sunglasses
RB4175-877/1,Ray-Ban,Sunglasses
RB3183-014/84,Ray-Ban,Sunglasses
RB2140-1184,Ray-Ban,Sunglasses
OO4075-04,Oakley,Sunglasses
OO4079-08,Oakley,Sunglasses
OO4079-20,Oakley,Sunglasses
OO4079-27,Oakley,Sunglasses
OO9013-50,Oakley,Sunglasses
OO9013-70,Oakley,Sunglasses
OO9013-73,Oakley,Sunglasses
OO9188-05,Oakley,Sunglasses
OO9188-09,Oakley,Sunglasses
OO9188-10,Oakley,Sunglasses
OO9188-19,Oakley,Sunglasses
OO9208-01,Oakley,Sunglasses
OO9208-02,Oakley,Sunglasses
OO9247-05,Oakley,Sunglasses
OO9263-08,Oakley,Sunglasses
OO9263-09,Oakley,Sunglasses
XTREME-RED,JBL,Electronics
PULSE2-BLACK,JBL,Electronics
PULSE2-SILVER,JBL,Electronics
FLIP3-BLACK,JBL,Electronics
E40BT-RED,JBL,Electronics
E50BT-BLUE,JBL,Electronics
E50BT-RED,JBL,Electronics
REFLECT-MINI-BT-BLACK,JBL,Electronics
33F5LKNB2C-401,Michael Kors,Handbags
SOLO2-BLACK,BEATS,Electronics
IBN24GX,iHome,Electronics
24-325,Oakley,Sunglasses
5225821,Swarovski,Jewelry
5237762,Swarovski,Jewelry
5237754,Swarovski,Jewelry
5237757,Swarovski,Jewelry
5237763,Swarovski,Jewelry
5188423,Swarovski,Jewelry
5017147,Swarovski,Jewelry
5181457,Swarovski,Jewelry
5221444,Swarovski,Jewelry
5235632,Swarovski,Jewelry
OO4079-17,Oakley,Sunglasses
OO4079-18,Oakley,Sunglasses
OO4079-21,Oakley,Sunglasses
OO9096-01,Oakley,Sunglasses
OO9102-47,Oakley,Sunglasses
OO9188-08,Oakley,Sunglasses
OO9189-01,Oakley,Sunglasses
OO9211-01,Oakley,Sunglasses
OO9211-02,Oakley,Sunglasses
OO9238-05,Oakley,Sunglasses
OO9239-01,Oakley,Sunglasses
OO9239-02,Oakley,Sunglasses
P01017,Dogeared,Jewelry
MG1018,Dogeared,Jewelry
MS1258,Dogeared,Jewelry
MS1440,Dogeared,Jewelry
OO9013-24-298,Oakley,Sunglasses
BRVXBBB,BRAVEN,Electronics
BRV1SBB,BRAVEN,Electronics
BRV1SGG,BRAVEN,Electronics
BRV1SRG,BRAVEN,Electronics
BPROSCB,BRAVEN,Electronics
3382_JPA-IP6-RGLD,MOPHIE,Electronics
3472_JP-SGS7-GLD,MOPHIE,Electronics
3409_JP-SGS7E-BLK,MOPHIE,Electronics
JP-IP6P-GLD,MOPHIE,Electronics
3368_JPR-IP6-PRP,MOPHIE,Electronics
3369_JPR-IP6-PNK,MOPHIE,Electronics
3419_JPR-IP6-RGLD,MOPHIE,Electronics
3398_JP-IP6P-RGLD,MOPHIE,Electronics
3069_JPPRO-IP6_BLK,MOPHIE,Electronics
CLIP2-BLUE,JBL,Electronics
CLIP2-GRAY,JBL,Electronics
5258399,Swarovski,Jewelry
5257552,Swarovski,Jewelry
5255912,Swarovski,Jewelry
5255906,Swarovski,Jewelry
5255902,Swarovski,Jewelry
5255900,Swarovski,Jewelry
5255899,Swarovski,Jewelry
5240624,Swarovski,Jewelry
5135896,Swarovski,Houseware
5237752,Swarovski,Jewelry
5240627,Swarovski,Jewelry
5249905,Swarovski,Pens
5249907,Swarovski,Pens
5130547,Swarovski,Jewelry
5235027,Swarovski,Jewelry
5250725,Swarovski,Jewelry
AS12LSU01RG,Alex and Ani,Jewelry
AS15CLC05RG,Alex and Ani,Jewelry
AS14AU01RG,Alex and Ani,Jewelry
AS14RUT01RG,Alex and Ani,Jewelry
AS14RUT01RS,Alex and Ani,Jewelry
AS13SYU01RG,Alex and Ani,Jewelry
AS13SYU01RS,Alex and Ani,Jewelry
AS15CLC09RG,Alex and Ani,Jewelry
AS15CLC09RS,Alex and Ani,Jewelry
AS14AU01RS,Alex and Ani,Jewelry
AS14FSU02RS,Alex and Ani,Jewelry
A16RW14S,Alex and Ani,Jewelry
CS15N01S,Alex and Ani,Jewelry
CS15N01G,Alex and Ani,Jewelry
AUTOARK-BLK,Autoark,Watch Displays
RB2140-1157,Ray-Ban,Sunglasses
VENTURE30,Goal Zero,Electronics
YETI150,Goal Zero,Electronics
YETI400,Goal Zero,Tech Accessories
TORCH250,Goal Zero,Electronics
5217727,Swarovski,Jewelry
5240786,Swarovski,Jewelry
5257542,Swarovski,Jewelry
RB2140-1185,Ray-Ban,Sunglasses
RB2140-1188-R5,Ray-Ban,Sunglasses
RB2180-616587,Ray-Ban,Sunglasses
RB3025-JM-172,Ray-Ban,Sunglasses
RB3136-167-68,Ray-Ban,Sunglasses
RB4201-622-6G,Ray-Ban,Sunglasses
RB4210-895-8G,Ray-Ban,Sunglasses
30H4GBFM2L-001,Michael Kors,Handbags
30H4GBFM2L-230,Michael Kors,Handbags
30H5GEZB5B-150,Michael Kors,Handbags
30T3SSMM2L-001,Michael Kors,Handbags
30t6GE3L3B-150,Michael Kors,Handbags
30T6GK3S1B-200,Michael Kors,Handbags
30T6GSLN1L-001,Michael Kors,Handbags
30T6SA6S1L-438,Michael Kors,Handbags
30T6SA7T3L-001,Michael Kors,Handbags
30T6SATH3L-092,Michael Kors,Handbags
30T6SE3L2L-001,Michael Kors,Handbags
30T6SE3L3L-092,Michael Kors,Handbags
30T6SE5M2L-092,Michael Kors,Handbags
30T6SIGL2L-001,Michael Kors,Handbags
30T6TCCB2L-001,Michael Kors,Handbags
30T6TE2M3L-001,Michael Kors,Handbags
30T6TE2M3S-177,Michael Kors,Handbags
30T6TEZB5L-092,Michael Kors,Handbags
30T6TEZB6L-092,Michael Kors,Handbags
30T6TEZN5L-001,Michael Kors,Handbags
32F2GFTE3L-177,Michael Kors,Handbags
32F2SFTE3L-092,Michael Kors,Handbags
32H4SJSC7B-001,Michael Kors,Handbags
32H5SAFZ1L-092,Michael Kors,Handbags
32S6GAVC1L-001,Michael Kors,Handbags
32t6GCPC7L-097,Michael Kors,Handbags
32T6GTVE9U-150,Michael Kors,Handbags
32T6GTVE9U-200,Michael Kors,Handbags
32T6SAVC5U-764,Michael Kors,Handbags
OO4108-01-56,Oakley,Sunglasses
OO9013-38-55,Oakley,Sunglasses
OO9013-54-55,Oakley,Sunglasses
OO9013-55-55,Oakley,Sunglasses
OO9013-68-55,Oakley,Sunglasses
OO9102-99-55,Oakley,Sunglasses
OO9102-A1-55,Oakley,Sunglasses
OO9199-13-56,Oakley,Sunglasses
OO9223-10-55,Oakley,Sunglasses
OO9223-26-55,Oakley,Sunglasses
OO9225-09-60,Oakley,Sunglasses
OO9246-10-57,Oakley,Sunglasses
OO9262-16-57,Oakley,Sunglasses
OO9262-18-57,Oakley,Sunglasses
AA-10-OBMGLP,Costa Del Mar,Sunglasses
AA-10-OBMP,Costa Del Mar,Sunglasses
AA-10-OCGLP,Costa Del Mar,Sunglasses
AA-10-OCP,Costa Del Mar,Sunglasses
AA-10-OGMGLP,Costa Del Mar,Sunglasses
AA-10-OGMP,Costa Del Mar,Sunglasses
AA-10-OGP,Costa Del Mar,Sunglasses
AA-11-OBMGLP,Costa Del Mar,Sunglasses
AA-11-OBMP,Costa Del Mar,Sunglasses
AA-11-OCGLP,Costa Del Mar,Sunglasses
AA-11-OCP,Costa Del Mar,Sunglasses
AA-11-OGMGLP,Costa Del Mar,Sunglasses
AA-11-OGMP,Costa Del Mar,Sunglasses
AA-11-OGP,Costa Del Mar,Sunglasses
AA-11-OSCP,Costa Del Mar,Sunglasses
AA-79-OCP,Costa Del Mar,Sunglasses
AA-81-OGGLP,Costa Del Mar,Sunglasses
AA-81-OGMGLP,Costa Del Mar,Sunglasses
AA-81-OSCP,Costa Del Mar,Sunglasses
AA-98-OBMGLP,Costa Del Mar,Sunglasses
AA-98-OBMP,Costa Del Mar,Sunglasses
AA-98-OCP,Costa Del Mar,Sunglasses
AA-98-OGGLP,Costa Del Mar,Sunglasses
AA-98-OGP,Costa Del Mar,Sunglasses
AA-98-OSCP,Costa Del Mar,Sunglasses
ZK118,Zoku,Houseware
ZK119,Zoku,Houseware
ZK104,Zoku,Houseware
ZK101,Zoku,Houseware
5256204,Swarovski,Jewelry
5256206,Swarovski,Jewelry
5256208,Swarovski,Jewelry
5256210,Swarovski,Jewelry
5257291,Swarovski,Jewelry
5257292,Swarovski,Jewelry
5258787,Swarovski,Jewelry
5258791,Swarovski,Jewelry
RB2140-116057-50,Ray-Ban,Sunglasses
RB2140-11912X-50,Ray-Ban,No
RB2140-902/57-50,Ray-Ban,Sunglasses
RB2447-901/58-49,Ray-Ban,Sunglasses
RB3016-901/58-49,Ray-Ban,Sunglasses
RB3025-001/78-58,Ray-Ban,Sunglasses
RB3025-167/1R-58,Ray-Ban,Sunglasses
RB3342-004/58-60,Ray-Ban,Sunglasses
RB3532-198/7X-50,Ray-Ban,Sunglasses
RB3532-198/9U-53,Ray-Ban,Sunglasses
SGL-RB3025-004/78-58,Ray-Ban,Sunglasses
791152EN08,Pandora,Jewelry
791383,Pandora,Jewelry
791536CZ,Pandora,Jewelry
791655,Pandora,Jewelry
791714CZ,Pandora,Jewelry
791726PCZ,Pandora,Jewelry
791788-05,Pandora,Jewelry
791817CZ,Pandora,Jewelry
791880CZ,Pandora,Jewelry
791903ENMX,Pandora,Jewelry
590700HV-19,Pandora,Jewelry
590700HV-20,Pandora,Jewelry
590702HV-18,Pandora,Jewelry
590702HV-19,Pandora,Jewelry
590702HV-20,Pandora,Jewelry
590702HV-21,Pandora,Jewelry
590705CBK-D1,Pandora,Jewelry
590713-17,Pandora,Jewelry
590713-21,Pandora,Jewelry
590719-16,Pandora,Jewelry
590719-19,Pandora,Jewelry
590719-20,Pandora,Jewelry
590719-21,Pandora,Jewelry
590719-23,Pandora,Jewelry
791261MCZMX,Pandora,Jewelry
791289,Pandora,Jewelry
791593CFL,Pandora,Jewelry
791728CZ,Pandora,Jewelry
791730,Pandora,Jewelry
791784PE,Pandora,Jewelry
791881PCZ,Pandora,Jewelry
791905CZF,Pandora,Jewelry
RB3362-004-58-59,Ray-Ban,Sunglasses
RB3025-004-58-62,Ray-Ban,Sunglasses
A16RW06S,Alex and Ani,Jewelry
AS12BO01RG,Alex and Ani,Jewelry
AS12BRS01RG,Alex and Ani,Jewelry
AS12SM01RS,Alex and Ani,Jewelry
AS12TBJ01RS,Alex and Ani,Jewelry
5224364,Swarovski,Pens
5224366,Swarovski,Pens
5224367,Swarovski,Pens
5224368,Swarovski,Pens
5224370,Swarovski,Pens
5224371,Swarovski,Pens
5224375,Swarovski,Pens
5224376,Swarovski,Pens
5224377,Swarovski,Pens
5224378,Swarovski,Pens
5224379,Swarovski,Pens
5224380,Swarovski,Pens
5224381,Swarovski,Pens
190828MP-56,Pandora,Jewelry
190828MP-58,Pandora,Jewelry
190880CZ-50,Pandora,Jewelry
190880CZ-58,Pandora,Jewelry
190881ACZ-50,Pandora,Jewelry
190881ACZ-52,Pandora,Jewelry
190881ACZ-54,Pandora,Jewelry
190881ACZ-58,Pandora,Jewelry
190886CZ-48,Pandora,Jewelry
190886CZ-50,Pandora,Jewelry
190886CZ-52,Pandora,Jewelry
190886CZ-54,Pandora,Jewelry
190886CZ-56,Pandora,Jewelry
190886CZ-58,Pandora,Jewelry
190886CZ-60,Pandora,Jewelry
190892CZ-52,Pandora,Jewelry
190892CZ-54,Pandora,Jewelry
190892CZ-56,Pandora,Jewelry
190892CZ-58,Pandora,Jewelry
190921CZ-50,Pandora,Jewelry
190921CZ-52,Pandora,Jewelry
190921CZ-54,Pandora,Jewelry
190921CZ-56,Pandora,Jewelry
190921CZ-58,Pandora,Jewelry
190921CZ-60,Pandora,Jewelry
190923CZ-50,Pandora,Jewelry
190923CZ-52,Pandora,Jewelry
190923CZ-54,Pandora,Jewelry
190923CZ-56,Pandora,Jewelry
190923CZ-58,Pandora,Jewelry
190947CZ-58,Pandora,Jewelry
190958CZ-50,Pandora,Jewelry
190958CZ-54,Pandora,Jewelry
190958CZ-56,Pandora,Jewelry
190958CZ-58,Pandora,Jewelry
190958CZ-60,Pandora,Jewelry
190995CZ-50,Pandora,Jewelry
190995CZ-52,Pandora,Jewelry
190995CZ-54,Pandora,Jewelry
190995CZ-56,Pandora,Jewelry
190995CZ-58,Pandora,Jewelry
190997CZ-48,Pandora,Jewelry
190997CZ-50,Pandora,Jewelry
190997CZ-52,Pandora,Jewelry
190997CZ-54,Pandora,Jewelry
190997CZ-56,Pandora,Jewelry
190997CZ-58,Pandora,Jewelry
390355CZ-90,Pandora,Jewelry
390362CZ-90,Pandora,Jewelry
390364CZ-90,Pandora,Jewelry
390367CZ-90,Pandora,Jewelry
PWRU4919-974,Kate Spade,Handbags
PXRU5491-477,Kate Spade,Handbags
PXRU6406-892,Kate Spade,Handbags
PXRU6406-954,Kate Spade,Handbags
PXRU6626-001,Kate Spade,Handbags
10060258355465,Brita,Houseware
5217152,Swarovski,Jewelry
5244212,Swarovski,Jewelry
5224372,Swarovski,Pens
5224373,Swarovski,Pens
5226098,Swarovski,Jewelry
5258788,Swarovski,Jewelry
5258388,Swarovski,Jewelry
CL60648,Incase,Tech Accessories
CL60611,Incase,Tech Accessories
CL60667,Incase,Tech Accessories
CL60668,Incase,Tech Accessories
CL60669,Incase,Tech Accessories
CL60670,Incase,Tech Accessories
CL60673,Incase,Tech Accessories
CL60688,Incase,Tech Accessories
CL60658,Incase,Tech Accessories
CL55452,Incase,Tech Accessories
CL55569,Incase,Tech Accessories
CL55576,Incase,Tech Accessories
CL60683,Incase,Tech Accessories
CL60689,Incase,Tech Accessories
30H4GBFT6L-097,Michael Kors,Handbags
30H4SBFT6L-502,Michael Kors,Handbags
30S01HMT3N-001,Michael Kors,Handbags
30S3GTVT6L-001,Michael Kors,Handbags
30S6SEZB1T-103,Michael Kors,Handbags
30S6SL1L7L-502,Michael Kors,Handbags
30T5GTVT2L-695,Michael Kors,Handbags
32S4GTVC3L-406,Michael Kors,Handbags
32S6SSLC4L-001,Michael Kors,Handbags
796057,Pandora,Jewelry
5223691,Swarovski,Houseware
5223688,Swarovski,Houseware
5223606,Swarovski,Houseware
5223596,Swarovski,Houseware
5223614,Swarovski,Houseware
5223255,Swarovski,Houseware
5223618,Swarovski,Houseware
5223598,Swarovski,Houseware
5221235,Swarovski,Houseware
5223612,Swarovski,Houseware
5222231,Swarovski,Houseware
5223608,Swarovski,Houseware
5258537,Swarovski,Houseware
5223610,Swarovski,Houseware
5223276,Swarovski,Houseware
5180211,Swarovski,Houseware
5221221,Swarovski,Houseware
5216871,Swarovski,Jewelry
5226409,Swarovski,Jewelry
5230293,Swarovski,Jewelry
5230295,Swarovski,Jewelry
5230296,Swarovski,Jewelry
5230516,Swarovski,Jewelry
5230517,Swarovski,Jewelry
5237979,Swarovski,Jewelry
5237980,Swarovski,Jewelry
5237981,Swarovski,Jewelry
5135942,Swarovski,Houseware
5224374,Swarovski,Pens
5135893,Swarovski,Houseware
5250687,Swarovski,Jewelry
5250690,Swarovski,Jewelry
5250692,Swarovski,Jewelry
5250693,Swarovski,Jewelry
A16EB102RG,Alex and Ani,Jewelry
A16EB102RS,Alex and Ani,Jewelry
A16EB67RG,Alex and Ani,Jewelry
A16EB67RS,Alex and Ani,Jewelry
190910NBC-50,Pandora,Jewelry
190910NBC-52,Pandora,Jewelry
190910NBC-54,Pandora,Jewelry
190910NBC-56,Pandora,Jewelry
190982NAB-50,Pandora,Jewelry
190982NAB-52,Pandora,Jewelry
190982NAB-54,Pandora,Jewelry
190982NAB-56,Pandora,Jewelry
190984CZ-50,Pandora,Jewelry
190984CZ-52,Pandora,Jewelry
190984CZ-54,Pandora,Jewelry
190984CZ-56,Pandora,Jewelry
191002CZF-54,Pandora,Jewelry
290528CZ,Pandora,Jewelry
290538EN12,Pandora,Jewelry
290553CZ,Pandora,Jewelry
290561NBC,Pandora,Jewelry
290581CZ,Pandora,Jewelry
290583CZ,Pandora,Jewelry
290686ENMX,Pandora,Jewelry
290690ACZ,Pandora,Jewelry
290695CZ,Pandora,Jewelry
290721CZ,Pandora,Jewelry
790249,Pandora,Jewelry
790964,Pandora,Jewelry
791077,Pandora,Jewelry
791108TPP,Pandora,Jewelry
791255CZ,Pandora,Jewelry
791311MCZ,Pandora,Jewelry
791379CZ,Pandora,Jewelry
791389,Pandora,Jewelry
791502NSB,Pandora,Jewelry
791528EN40,Pandora,Jewelry
791538CZ,Pandora,Jewelry
791610,Pandora,Jewelry
791774,Pandora,Jewelry
791807CZ,Pandora,Jewelry
791817CFP,Pandora,Jewelry
791817HCZ,Pandora,Jewelry
791817MCZ,Pandora,Jewelry
791817PCZ,Pandora,Jewelry
791824ENMX,Pandora,Jewelry
791873CZ,Pandora,Jewelry
791886EN113,Pandora,Jewelry
30F6ABNH3L-217,Michael Kors,Handbags
30F6ABNM2S-230,Michael Kors,Handbags
30F6ABNM2S-616,Michael Kors,Handbags
30F6ABNM8L-001,Michael Kors,Handbags
30F6AIXM2S-001,Michael Kors,Handbags
30F6ASLM2L-001,Michael Kors,Handbags
30F6ASLM2L-633,Michael Kors,Handbags
30F6GH3T3V-149,Michael Kors,Handbags
30F6GH3T3V-972,Michael Kors,Handbags
30F6GH3T7V-222,Michael Kors,Handbags
30F6GTWT4B-150,Michael Kors,Handbags
30F6GTWT4B-200,Michael Kors,Handbags
30F6SH3T2V-027,Michael Kors,Handbags
30F6SH3T3V-027,Michael Kors,Handbags
30H5GH3T3V-149,Michael Kors,Handbags
32F5SAVC1L-513,Michael Kors,Handbags
32H5GFTE4B-150,Michael Kors,Handbags
32H5GFTE4B-200,Michael Kors,Handbags
5135939,Swarovski,Houseware
5135940,Swarovski,Houseware
5135941,Swarovski,Houseware
5135943,Swarovski,Houseware
5215947,Swarovski,Houseware
5215972,Swarovski,Houseware
5216032,Swarovski,Houseware
5223194,Swarovski,Houseware
5188424,Swarovski,Jewelry
5240513,Swarovski,Jewelry
5267100,Swarovski,Jewelry
5237769,Swarovski,Jewelry
5267105,Swarovski,Jewelry
5230607,Swarovski,Jewelry
5226274,Swarovski,Jewelry
5217729,Swarovski,Jewelry
5226276,Swarovski,Jewelry
5217775,Swarovski,Jewelry
5217776,Swarovski,Jewelry
5230661,Swarovski,Jewelry
5231657,Swarovski,Jewelry
5230663,Swarovski,Jewelry
5217726,Swarovski,Jewelry
5230658,Swarovski,Jewelry
5230280,Swarovski,Jewelry
5230284,Swarovski,Jewelry
5226451,Swarovski,Jewelry
5217777,Swarovski,Jewelry
5215339,Swarovski,Jewelry
5226250,Swarovski,Jewelry
5266939,Swarovski,Jewelry
5266940,Swarovski,Jewelry
5240524,Swarovski,Jewelry
5241294,Swarovski,Jewelry
5135946,Swarovski,Houseware
5268849,Swarovski,Pens
5226495,Swarovski,Jewelry
5217807,Swarovski,Jewelry
5267091,Swarovski,Jewelry
5237768,Swarovski,Jewelry
5216630,Swarovski,Jewelry
5230604,Swarovski,Jewelry
5230612,Swarovski,Jewelry
5230611,Swarovski,Jewelry
5216636,Swarovski,Jewelry
5216639,Swarovski,Jewelry
5230603,Swarovski,Jewelry
5226281,Swarovski,Jewelry
5226391,Swarovski,Jewelry
5226277,Swarovski,Jewelry
5226278,Swarovski,Jewelry
5258513,Swarovski,Jewelry
5236077,Swarovski,Jewelry
5236076,Swarovski,Jewelry
5217719,Swarovski,Jewelry
5230657,Swarovski,Jewelry
5231806,Swarovski,Jewelry
5230668,Swarovski,Jewelry
5230286,Swarovski,Jewelry
5217790,Swarovski,Jewelry
5230283,Swarovski,Jewelry
5206436,Swarovski,Jewelry
5231330,Swarovski,Jewelry
5230724,Swarovski,Jewelry
5230547,Swarovski,Jewelry
5266934,Swarovski,Jewelry
5266933,Swarovski,Jewelry
5230673,Swarovski,Jewelry
5230676,Swarovski,Jewelry
5217646,Swarovski,Jewelry
5230675,Swarovski,Jewelry
5230678,Swarovski,Jewelry
5233913,Swarovski,Jewelry
5224896,Swarovski,Jewelry
5236117,Swarovski,Jewelry
5236115,Swarovski,Jewelry
5237056,Swarovski,Jewelry
5237054,Swarovski,Jewelry
5237170,Swarovski,Jewelry
5217642,Swarovski,Jewelry
5237055,Swarovski,Jewelry
5216049,Swarovski,Jewelry
5238110,Swarovski,Jewelry
5224975,Swarovski,Jewelry
5225712,Swarovski,Jewelry
5224980,Swarovski,Jewelry
5240525,Swarovski,Jewelry
5224976,Swarovski,Jewelry
5217137,Swarovski,Jewelry
5230555,Swarovski,Jewelry
5217135,Swarovski,Jewelry
5216907,Swarovski,Jewelry
5216908,Swarovski,Jewelry
5241517,Swarovski,Jewelry
5222339,Swarovski,Jewelry
5226100,Swarovski,Jewelry
5222341,Swarovski,Jewelry
5226299,Swarovski,Jewelry
5258790,Swarovski,Jewelry
5223601,Swarovski,Houseware
5223602,Swarovski,Houseware
5223620,Swarovski,Houseware
5223252,Swarovski,Houseware
5240581,Swarovski,Jewelry
5229470,Swarovski,Jewelry
5226039,Swarovski,Jewelry
5217804,Swarovski,Jewelry
5226037,Swarovski,Jewelry
5226033,Swarovski,Jewelry
5225834,Swarovski,Jewelry
5225831,Swarovski,Jewelry
5225833,Swarovski,Jewelry
5239033,Swarovski,Jewelry
5239028,Swarovski,Jewelry
5226195,Swarovski,Jewelry
5226203,Swarovski,Jewelry
5226202,Swarovski,Jewelry
5236116,Swarovski,Jewelry
5226101,Swarovski,Jewelry
5218397,Swarovski,Jewelry
5264884,Swarovski,Houseware
5225733,Swarovski,Jewelry
5232160,Swarovski,Jewelry
791991EN118,Pandora,Jewelry
791999CZRMX,Pandora,Jewelry
792008CZ,Pandora,Jewelry
USB796519,Pandora,Jewelry
USB796900,Pandora,Jewelry
CAMAW160001,Pandora,Jewelry
